{
  "teams": [
    "Athletic Club",
    "CA Osasuna",
    "CD Legan\u00e9s",
    "Club Atl\u00e9tico de Madrid",
    "C\u00e1diz CF",
    "Deportivo Alav\u00e9s",
    "Elche CF",
    "FC Barcelona",
    "Getafe CF",
    "Girona FC",
    "Granada CF",
    "Levante UD",
    "RC Celta de Vigo",
    "RCD Espanyol de Barcelona",
    "RCD Mallorca",
    "Rayo Vallecano de Madrid",
    "Real Betis Balompi\u00e9",
    "Real Madrid CF",
    "Real Oviedo",
    "Real Sociedad de F\u00fatbol",
    "Real Valladolid CF",
    "Sevilla FC",
    "UD Almer\u00eda",
    "UD Las Palmas",
    "Valencia CF",
    "Villarreal CF"
  ],
  "attack": {
    "Athletic Club": 0.10106996658562017,
    "CA Osasuna": 0.0031662017738510713,
    "CD Legan\u00e9s": -0.09180454285911555,
    "Club Atl\u00e9tico de Madrid": 0.4330864084750231,
    "C\u00e1diz CF": -0.5545648324955211,
    "Deportivo Alav\u00e9s": -0.21989929182953236,
    "Elche CF": 0.052244282253022585,
    "FC Barcelona": 0.8234825453911031,
    "Getafe CF": -0.21318788669118974,
    "Girona FC": 0.14249914707425884,
    "Granada CF": -0.1631541733386466,
    "Levante UD": 0.076142621344454,
    "RC Celta de Vigo": 0.1757016464010955,
    "RCD Espanyol de Barcelona": -0.006560805599994089,
    "RCD Mallorca": -0.21501239160553268,
    "Rayo Vallecano de Madrid": -0.20630221141693297,
    "Real Betis Balompi\u00e9": 0.27224663491669204,
    "Real Madrid CF": 0.6141763471087381,
    "Real Oviedo": -0.8722738578082613,
    "Real Sociedad de F\u00fatbol": -0.014055057666311772,
    "Real Valladolid CF": -0.482313451123351,
    "Sevilla FC": 0.06745315239022633,
    "UD Almer\u00eda": 0.019656792331743427,
    "UD Las Palmas": -0.1807729940790494,
    "Valencia CF": -0.06889430000131305,
    "Villarreal CF": 0.5078700504689233
  },
  "defence": {
    "Athletic Club": 0.3109878963950715,
    "CA Osasuna": -0.055349810809734744,
    "CD Legan\u00e9s": -0.12375178948873977,
    "Club Atl\u00e9tico de Madrid": 0.31819922592759253,
    "C\u00e1diz CF": -0.11176447184133115,
    "Deportivo Alav\u00e9s": 0.12894256904181706,
    "Elche CF": 0.15565191024701072,
    "FC Barcelona": 0.07191632647519719,
    "Getafe CF": 0.11750721931109458,
    "Girona FC": -0.21117452260676398,
    "Granada CF": -0.472384095067449,
    "Levante UD": -0.3634415847850323,
    "RC Celta de Vigo": -0.1242676897295695,
    "RCD Espanyol de Barcelona": 0.028218889976056448,
    "RCD Mallorca": 0.06283097535699601,
    "Rayo Vallecano de Madrid": 0.12492846255170639,
    "Real Betis Balompi\u00e9": 0.0014728466462943417,
    "Real Madrid CF": 0.3408947962666381,
    "Real Oviedo": -0.069423634220374,
    "Real Sociedad de F\u00fatbol": 0.03014208010586245,
    "Real Valladolid CF": -0.6071631610762729,
    "Sevilla FC": -0.145431408810975,
    "UD Almer\u00eda": -0.3987444254405294,
    "UD Las Palmas": -0.13888427642431758,
    "Valencia CF": -0.061918874003152165,
    "Villarreal CF": -0.01660430101457364
  },
  "home_advantage": 0.24010050432678465,
  "rho": 0.009771537888132812,
  "log_likelihood": -1229.0155855416876
}