{
  "expected_points": {
    "Athletic Club": 53.359,
    "CA Osasuna": 49.0952,
    "Club Atl\u00e9tico de Madrid": 72.2231,
    "Deportivo Alav\u00e9s": 42.2804,
    "Elche CF": 43.4395,
    "FC Barcelona": 88.2808,
    "Getafe CF": 43.7836,
    "Girona FC": 45.196,
    "Levante UD": 33.1335,
    "RC Celta de Vigo": 52.8387,
    "RCD Espanyol de Barcelona": 51.6418,
    "RCD Mallorca": 39.9471,
    "Rayo Vallecano de Madrid": 44.0266,
    "Real Betis Balompi\u00e9": 62.1195,
    "Real Madrid CF": 87.191,
    "Real Oviedo": 26.5295,
    "Real Sociedad de F\u00fatbol": 49.2351,
    "Sevilla FC": 43.8294,
    "Valencia CF": 41.6392,
    "Villarreal CF": 73.979
  },
  "expected_position": {
    "Athletic Club": 7.8653,
    "CA Osasuna": 9.9122,
    "Club Atl\u00e9tico de Madrid": 3.6361,
    "Deportivo Alav\u00e9s": 14.473500000000001,
    "Elche CF": 13.478200000000001,
    "FC Barcelona": 1.4154,
    "Getafe CF": 13.6346,
    "Girona FC": 12.843200000000001,
    "Levante UD": 18.5548,
    "RC Celta de Vigo": 7.867799999999999,
    "RCD Espanyol de Barcelona": 8.745,
    "RCD Mallorca": 15.808599999999998,
    "Rayo Vallecano de Madrid": 13.3474,
    "Real Betis Balompi\u00e9": 5.1939,
    "Real Madrid CF": 1.6248,
    "Real Oviedo": 19.8475,
    "Real Sociedad de F\u00fatbol": 9.838699999999998,
    "Sevilla FC": 13.531300000000002,
    "Valencia CF": 14.974299999999998,
    "Villarreal CF": 3.4074
  },
  "generated_at": "2026-02-24T14:30:46.804288",
  "league": "PD",
  "season": 2025
}