{
  "teams": [
    "AFC Bournemouth",
    "Arsenal FC",
    "Aston Villa FC",
    "Brentford FC",
    "Brighton & Hove Albion FC",
    "Burnley FC",
    "Chelsea FC",
    "Crystal Palace FC",
    "Everton FC",
    "Fulham FC",
    "Ipswich Town FC",
    "Leeds United FC",
    "Leicester City FC",
    "Liverpool FC",
    "Luton Town FC",
    "Manchester City FC",
    "Manchester United FC",
    "Newcastle United FC",
    "Nottingham Forest FC",
    "Sheffield United FC",
    "Southampton FC",
    "Sunderland AFC",
    "Tottenham Hotspur FC",
    "West Ham United FC",
    "Wolverhampton Wanderers FC"
  ],
  "attack": {
    "AFC Bournemouth": 0.09129848287914674,
    "Arsenal FC": 0.3384317766611259,
    "Aston Villa FC": 0.19662277161176278,
    "Brentford FC": 0.14434685203726683,
    "Brighton & Hove Albion FC": 0.14992899911898677,
    "Burnley FC": -0.17136481211022028,
    "Chelsea FC": 0.24916029576593732,
    "Crystal Palace FC": 0.027021457939159093,
    "Everton FC": -0.22602636624807518,
    "Fulham FC": 0.0697384895147346,
    "Ipswich Town FC": -0.3573030156816259,
    "Leeds United FC": -0.013577773713332509,
    "Leicester City FC": -0.48688989464376414,
    "Liverpool FC": 0.41522332470678236,
    "Luton Town FC": 0.020751744785882296,
    "Manchester City FC": 0.47402175103566324,
    "Manchester United FC": 0.09334358830020138,
    "Newcastle United FC": 0.26655479381188063,
    "Nottingham Forest FC": -0.025237821297183115,
    "Sheffield United FC": -0.36459429713864266,
    "Southampton FC": -0.6758758264479916,
    "Sunderland AFC": -0.14093605143578422,
    "Tottenham Hotspur FC": 0.1863781276495101,
    "West Ham United FC": -0.053241808486536875,
    "Wolverhampton Wanderers FC": -0.20777478861488333
  },
  "defence": {
    "AFC Bournemouth": -0.23690192616974579,
    "Arsenal FC": 0.4314972438098493,
    "Aston Villa FC": -0.09618976553102902,
    "Brentford FC": -0.24179268411457447,
    "Brighton & Hove Albion FC": -0.2446578585953407,
    "Burnley FC": -0.48422607058208644,
    "Chelsea FC": -0.0268422600350084,
    "Crystal Palace FC": -0.05980249685267004,
    "Everton FC": 0.028366444814038095,
    "Fulham FC": -0.2578459890958999,
    "Ipswich Town FC": -0.6145780212507734,
    "Leeds United FC": -0.41264557799967344,
    "Leicester City FC": -0.5599809588454203,
    "Liverpool FC": -0.04804424957493538,
    "Luton Town FC": -0.632441334152673,
    "Manchester City FC": 0.14250887200408668,
    "Manchester United FC": -0.2486463148635124,
    "Newcastle United FC": -0.1457487572957536,
    "Nottingham Forest FC": -0.20199718474043457,
    "Sheffield United FC": -0.8113197901447344,
    "Southampton FC": -0.6359881943778379,
    "Sunderland AFC": 0.21638583204719503,
    "Tottenham Hotspur FC": -0.3057921263755107,
    "West Ham United FC": -0.4189759486803188,
    "Wolverhampton Wanderers FC": -0.4476223609909442
  },
  "home_advantage": 0.15726141471244176,
  "rho": -0.03838250190915936,
  "log_likelihood": -1348.4143654780203
}