{
  "expected_points": {
    "AFC Bournemouth": 52.0898,
    "Arsenal FC": 81.8436,
    "Aston Villa FC": 68.2012,
    "Brentford FC": 55.8459,
    "Brighton & Hove Albion FC": 49.0263,
    "Burnley FC": 28.6226,
    "Chelsea FC": 61.1159,
    "Crystal Palace FC": 48.7226,
    "Everton FC": 49.5211,
    "Fulham FC": 51.5043,
    "Leeds United FC": 43.5733,
    "Liverpool FC": 66.0199,
    "Manchester City FC": 76.2807,
    "Manchester United FC": 61.7567,
    "Newcastle United FC": 53.0582,
    "Nottingham Forest FC": 39.9315,
    "Sunderland AFC": 52.6803,
    "Tottenham Hotspur FC": 43.887,
    "West Ham United FC": 35.0574,
    "Wolverhampton Wanderers FC": 19.1962
  },
  "expected_position": {
    "AFC Bournemouth": 10.3798,
    "Arsenal FC": 1.1783,
    "Aston Villa FC": 3.6704999999999997,
    "Brentford FC": 8.139,
    "Brighton & Hove Albion FC": 11.9387,
    "Burnley FC": 18.8984,
    "Chelsea FC": 5.6182,
    "Crystal Palace FC": 12.236199999999998,
    "Everton FC": 11.9268,
    "Fulham FC": 10.722900000000001,
    "Leeds United FC": 15.079400000000001,
    "Liverpool FC": 4.150399999999999,
    "Manchester City FC": 1.9425000000000001,
    "Manchester United FC": 5.5644,
    "Newcastle United FC": 9.6223,
    "Nottingham Forest FC": 16.4638,
    "Sunderland AFC": 10.058999999999997,
    "Tottenham Hotspur FC": 14.6802,
    "West Ham United FC": 17.7834,
    "Wolverhampton Wanderers FC": 19.9458
  },
  "generated_at": "2026-02-24T14:22:24.364108",
  "league": "PL",
  "season": 2025
}